title,artist,album,album_cover,duration_ms,uri
Fortnight (feat. Post Malone),"Taylor Swift, Post Malone",THE TORTURED POETS DEPARTMENT: THE ANTHOLOGY,https://i.scdn.co/image/ab67616d0000b2738ecc33f195df6aa257c39eaa,228965,spotify:track:6dODwocEuGzHAavXqTbwHv
The Tortured Poets Department,Taylor Swift,THE TORTURED POETS DEPARTMENT: THE ANTHOLOGY,https://i.scdn.co/image/ab67616d0000b2738ecc33f195df6aa257c39eaa,293048,spotify:track:4PdLaGZubp4lghChqp8erB
My Boy Only Breaks His Favorite Toys,Taylor Swift,THE TORTURED POETS DEPARTMENT: THE ANTHOLOGY,https://i.scdn.co/image/ab67616d0000b2738ecc33f195df6aa257c39eaa,203801,spotify:track:7uGYWMwRy24dm7RUDDhUlD
Down Bad,Taylor Swift,THE TORTURED POETS DEPARTMENT: THE ANTHOLOGY,https://i.scdn.co/image/ab67616d0000b2738ecc33f195df6aa257c39eaa,261228,spotify:track:1kbEbBdEgQdQeLXCJh28pJ
"So Long, London",Taylor Swift,THE TORTURED POETS DEPARTMENT: THE ANTHOLOGY,https://i.scdn.co/image/ab67616d0000b2738ecc33f195df6aa257c39eaa,262974,spotify:track:7wAkQFShJ27V8362MqevQr
But Daddy I Love Him,Taylor Swift,THE TORTURED POETS DEPARTMENT: THE ANTHOLOGY,https://i.scdn.co/image/ab67616d0000b2738ecc33f195df6aa257c39eaa,340428,spotify:track:4QMgEffJQuKtjCNvqfRZ0m
Fresh Out The Slammer,Taylor Swift,THE TORTURED POETS DEPARTMENT: THE ANTHOLOGY,https://i.scdn.co/image/ab67616d0000b2738ecc33f195df6aa257c39eaa,210789,spotify:track:7IWcDWOfiooH5hRs9XOVYz
Florida!!! (feat. Florence + The Machine),"Taylor Swift, Florence + The Machine",THE TORTURED POETS DEPARTMENT: THE ANTHOLOGY,https://i.scdn.co/image/ab67616d0000b2738ecc33f195df6aa257c39eaa,215463,spotify:track:5ExOm0dh4NyRyAdSAO9hyM
Guilty as Sin?,Taylor Swift,THE TORTURED POETS DEPARTMENT: THE ANTHOLOGY,https://i.scdn.co/image/ab67616d0000b2738ecc33f195df6aa257c39eaa,254365,spotify:track:799KrpEbhZp0MHeiA8YK9P
Who’s Afraid of Little Old Me?,Taylor Swift,THE TORTURED POETS DEPARTMENT: THE ANTHOLOGY,https://i.scdn.co/image/ab67616d0000b2738ecc33f195df6aa257c39eaa,334084,spotify:track:2d8UxVNhJinc8uat9PoM9y
I Can Fix Him (No Really I Can),Taylor Swift,THE TORTURED POETS DEPARTMENT: THE ANTHOLOGY,https://i.scdn.co/image/ab67616d0000b2738ecc33f195df6aa257c39eaa,156297,spotify:track:5chnRTB9qMK3W1M41SnU9s
loml,Taylor Swift,THE TORTURED POETS DEPARTMENT: THE ANTHOLOGY,https://i.scdn.co/image/ab67616d0000b2738ecc33f195df6aa257c39eaa,277156,spotify:track:3YkNIrAvbKNrrwwEd7NVLl
I Can Do It With a Broken Heart,Taylor Swift,THE TORTURED POETS DEPARTMENT: THE ANTHOLOGY,https://i.scdn.co/image/ab67616d0000b2738ecc33f195df6aa257c39eaa,218004,spotify:track:2fPvQfGQEZOKtJ9qXeL4x8
The Smallest Man Who Ever Lived,Taylor Swift,THE TORTURED POETS DEPARTMENT: THE ANTHOLOGY,https://i.scdn.co/image/ab67616d0000b2738ecc33f195df6aa257c39eaa,245541,spotify:track:1xtw1krCR6Dw2KwkXw5z63
The Alchemy,Taylor Swift,THE TORTURED POETS DEPARTMENT: THE ANTHOLOGY,https://i.scdn.co/image/ab67616d0000b2738ecc33f195df6aa257c39eaa,196900,spotify:track:1tuNqJOtRQVHvONR8Lg3MZ
Clara Bow,Taylor Swift,THE TORTURED POETS DEPARTMENT: THE ANTHOLOGY,https://i.scdn.co/image/ab67616d0000b2738ecc33f195df6aa257c39eaa,216662,spotify:track:4d9PtIEVij9jW5OaLinH66
The Black Dog,Taylor Swift,THE TORTURED POETS DEPARTMENT: THE ANTHOLOGY,https://i.scdn.co/image/ab67616d0000b2738ecc33f195df6aa257c39eaa,238857,spotify:track:62E2nR0od0M5HYxuYLaDz7
imgonnagetyouback,Taylor Swift,THE TORTURED POETS DEPARTMENT: THE ANTHOLOGY,https://i.scdn.co/image/ab67616d0000b2738ecc33f195df6aa257c39eaa,222072,spotify:track:1kcwpPDQnqEqmezzXdJTCP
The Albatross,Taylor Swift,THE TORTURED POETS DEPARTMENT: THE ANTHOLOGY,https://i.scdn.co/image/ab67616d0000b2738ecc33f195df6aa257c39eaa,183878,spotify:track:4EF6IyONolQy0bIQXm2EmX
Chloe or Sam or Sophia or Marcus,Taylor Swift,THE TORTURED POETS DEPARTMENT: THE ANTHOLOGY,https://i.scdn.co/image/ab67616d0000b2738ecc33f195df6aa257c39eaa,213281,spotify:track:1rmEsOezwf2lmIZTMAO5Ag
No One Mourns the Wicked,"Wicked Movie Cast, Ariana Grande, Andy Nyman, Courtney-Mae Briggs, Jeff Goldblum, Sharon D. Clarke, Jenna Boyd",Wicked: The Soundtrack,https://i.scdn.co/image/ab67616d0000b27341ded89391c5350f6b8f991c,447991,spotify:track:0br9vcQnqeqp9PKCGsrxAF
Dear Old Shiz,"Wicked Movie Cast, Shiz University Choir, Ariana Grande",Wicked: The Soundtrack,https://i.scdn.co/image/ab67616d0000b27341ded89391c5350f6b8f991c,71734,spotify:track:4HAhrqmjZ6ltgVdPF8K6wn
The Wizard And I,"Cynthia Erivo, Michelle Yeoh",Wicked: The Soundtrack,https://i.scdn.co/image/ab67616d0000b27341ded89391c5350f6b8f991c,336858,spotify:track:4mxj6SQ7BxfQ90CBTbxcwH
What Is This Feeling?,"Ariana Grande, Cynthia Erivo",Wicked: The Soundtrack,https://i.scdn.co/image/ab67616d0000b27341ded89391c5350f6b8f991c,228947,spotify:track:7eGuPhpdS8sBjPJNuAShUX
Something Bad,"Peter Dinklage, Cynthia Erivo",Wicked: The Soundtrack,https://i.scdn.co/image/ab67616d0000b27341ded89391c5350f6b8f991c,108300,spotify:track:5E2ASK5znLzoizBy4njhM4
Dancing Through Life,"Jonathan Bailey, Ariana Grande, Ethan Slater, Marissa Bode, Cynthia Erivo",Wicked: The Soundtrack,https://i.scdn.co/image/ab67616d0000b27341ded89391c5350f6b8f991c,587364,spotify:track:6qo8v2y2MHUSPLs7VBc6cG
Popular,Ariana Grande,Wicked: The Soundtrack,https://i.scdn.co/image/ab67616d0000b27341ded89391c5350f6b8f991c,241501,spotify:track:3i8fIJNV0yuC4kXT3SkVBZ
I’m Not That Girl,Cynthia Erivo,Wicked: The Soundtrack,https://i.scdn.co/image/ab67616d0000b27341ded89391c5350f6b8f991c,237043,spotify:track:2tWioTW2rs0CXf1dTXlRrX
One Short Day,"Cynthia Erivo, Ariana Grande, Kristin Chenoweth, Idina Menzel, Michael McCorry Rose",Wicked: The Soundtrack,https://i.scdn.co/image/ab67616d0000b27341ded89391c5350f6b8f991c,392668,spotify:track:4jNerIJa2IOeL5gVDvMNLW
A Sentimental Man,Jeff Goldblum,Wicked: The Soundtrack,https://i.scdn.co/image/ab67616d0000b27341ded89391c5350f6b8f991c,132621,spotify:track:2Nox49biysRuKoIaDWMemm
Defying Gravity,"Cynthia Erivo, Ariana Grande",Wicked: The Soundtrack,https://i.scdn.co/image/ab67616d0000b27341ded89391c5350f6b8f991c,459766,spotify:track:5QMrH5nszZZR3nefIj6Mar
Ozdust Duet - Bonus Track,The Wicked Orchestra,Wicked: The Soundtrack,https://i.scdn.co/image/ab67616d0000b27341ded89391c5350f6b8f991c,131863,spotify:track:5oUggqlg7zOto1unBbj393
intro (end of the world),Ariana Grande,eternal sunshine (slightly deluxe and also live),https://i.scdn.co/image/ab67616d0000b2730497121c2a34a6a1cb885e97,92400,spotify:track:7EhJMeBeptBfJh8kkjZXjw
bye,Ariana Grande,eternal sunshine (slightly deluxe and also live),https://i.scdn.co/image/ab67616d0000b2730497121c2a34a6a1cb885e97,164927,spotify:track:3ogYLHbcHcJnbc16dAjhjt
don't wanna break up again,Ariana Grande,eternal sunshine (slightly deluxe and also live),https://i.scdn.co/image/ab67616d0000b2730497121c2a34a6a1cb885e97,174006,spotify:track:21SiVKUZKwWmL5C64G3R3e
Saturn Returns Interlude,Ariana Grande,eternal sunshine (slightly deluxe and also live),https://i.scdn.co/image/ab67616d0000b2730497121c2a34a6a1cb885e97,42166,spotify:track:3TZzy5oBF3JQ7U1iZtfN5v
eternal sunshine,Ariana Grande,eternal sunshine (slightly deluxe and also live),https://i.scdn.co/image/ab67616d0000b2730497121c2a34a6a1cb885e97,210200,spotify:track:0XhDSaTM3SzZfyP4DLQQyr
supernatural,Ariana Grande,eternal sunshine (slightly deluxe and also live),https://i.scdn.co/image/ab67616d0000b2730497121c2a34a6a1cb885e97,163381,spotify:track:1MrnFWBjQCaaeOc7dhR8Bc
true story,Ariana Grande,eternal sunshine (slightly deluxe and also live),https://i.scdn.co/image/ab67616d0000b2730497121c2a34a6a1cb885e97,163278,spotify:track:2Nq87hLQ4cUKNQTdpnnaRr
the boy is mine,Ariana Grande,eternal sunshine (slightly deluxe and also live),https://i.scdn.co/image/ab67616d0000b2730497121c2a34a6a1cb885e97,173639,spotify:track:46ss5XTo2UVPp1rfFTBQRl
Tides - Live,Ed Sheeran,+-=÷× (Tour Collection: Live),https://i.scdn.co/image/ab67616d0000b2732a18a1cd29940db94799c62d,200085,spotify:track:2FkEpuS5N3MFtvZqqn7VLk
BLOW - Live,Ed Sheeran,+-=÷× (Tour Collection: Live),https://i.scdn.co/image/ab67616d0000b2732a18a1cd29940db94799c62d,202181,spotify:track:1cSmk4ZC7QdJLBATbAzZO6
Castle on the Hill - Live,Ed Sheeran,+-=÷× (Tour Collection: Live),https://i.scdn.co/image/ab67616d0000b2732a18a1cd29940db94799c62d,266027,spotify:track:4reJVinvcf71t71VCYwHat
Shivers - Live,Ed Sheeran,+-=÷× (Tour Collection: Live),https://i.scdn.co/image/ab67616d0000b2732a18a1cd29940db94799c62d,268054,spotify:track:6X2RX9M4x4hs863DDNUMNg
The A Team - Live,Ed Sheeran,+-=÷× (Tour Collection: Live),https://i.scdn.co/image/ab67616d0000b2732a18a1cd29940db94799c62d,254073,spotify:track:7gnMJEqeFry2idtHhFp20R
Don't/Nina Medley - Live,Ed Sheeran,+-=÷× (Tour Collection: Live),https://i.scdn.co/image/ab67616d0000b2732a18a1cd29940db94799c62d,371462,spotify:track:7g35KmsQDeVPjXBOF1DL1F
Lego House - Live,Ed Sheeran,+-=÷× (Tour Collection: Live),https://i.scdn.co/image/ab67616d0000b2732a18a1cd29940db94799c62d,212155,spotify:track:6lbjb2cL5zPU4N7KCeEaU4
Dive - Live,Ed Sheeran,+-=÷× (Tour Collection: Live),https://i.scdn.co/image/ab67616d0000b2732a18a1cd29940db94799c62d,260232,spotify:track:2Hj1dHLl0aAekX3Sm4iK9B
I See Fire - Live,Ed Sheeran,+-=÷× (Tour Collection: Live),https://i.scdn.co/image/ab67616d0000b2732a18a1cd29940db94799c62d,483010,spotify:track:3ctXIw6KwoaMkfLCxtFCjr
Eyes Closed - Live,Ed Sheeran,+-=÷× (Tour Collection: Live),https://i.scdn.co/image/ab67616d0000b2732a18a1cd29940db94799c62d,252038,spotify:track:2dHOkEYs1s4WdS51YaiZ8f
Give Me Love - Live,Ed Sheeran,+-=÷× (Tour Collection: Live),https://i.scdn.co/image/ab67616d0000b2732a18a1cd29940db94799c62d,417442,spotify:track:5bmCJB6oBM778g2KtAfZwN
Collaborations Medley - Live,Ed Sheeran,+-=÷× (Tour Collection: Live),https://i.scdn.co/image/ab67616d0000b2732a18a1cd29940db94799c62d,401365,spotify:track:3Z9FpylTD2f6B6BhmTYnjN
Lay It All on Me - Live,Ed Sheeran,+-=÷× (Tour Collection: Live),https://i.scdn.co/image/ab67616d0000b2732a18a1cd29940db94799c62d,233478,spotify:track:5zZlLKtPS2Qylq5xu0K8ab
Overpass Graffiti - Live,Ed Sheeran,+-=÷× (Tour Collection: Live),https://i.scdn.co/image/ab67616d0000b2732a18a1cd29940db94799c62d,256403,spotify:track:1U5FWT6cHrEM8eD17uEVvn
Galway Girl - Live,Ed Sheeran,+-=÷× (Tour Collection: Live),https://i.scdn.co/image/ab67616d0000b2732a18a1cd29940db94799c62d,157749,spotify:track:5E2TlBW4XPfcCBsoGsx5t9
Thinking out Loud - Live,Ed Sheeran,+-=÷× (Tour Collection: Live),https://i.scdn.co/image/ab67616d0000b2732a18a1cd29940db94799c62d,320017,spotify:track:341taDjwWRCScNcntpP6M2
Sing - Live,Ed Sheeran,+-=÷× (Tour Collection: Live),https://i.scdn.co/image/ab67616d0000b2732a18a1cd29940db94799c62d,299458,spotify:track:3VJDDJ9h4Q4dW4BguhfgC0
Photograph - Live,Ed Sheeran,+-=÷× (Tour Collection: Live),https://i.scdn.co/image/ab67616d0000b2732a18a1cd29940db94799c62d,313093,spotify:track:6hNHv8R1k5FChHn80uuYES
Tenerife Sea - Live,Ed Sheeran,+-=÷× (Tour Collection: Live),https://i.scdn.co/image/ab67616d0000b2732a18a1cd29940db94799c62d,370234,spotify:track:4sqW02Ul637AmGJbN0giXz
Happier - Live,Ed Sheeran,+-=÷× (Tour Collection: Live),https://i.scdn.co/image/ab67616d0000b2732a18a1cd29940db94799c62d,228930,spotify:track:3ruW3vlgFiKNnsIC52uBlZ
CN TOWER,"PARTYNEXTDOOR, Drake",$ome $exy $ongs 4 U,https://i.scdn.co/image/ab67616d0000b273fcb7f84280bc41e3c4c873ac,241889,spotify:track:4u43I0LP2Xf85OAS85eG0R
MOTH BALLS,"PARTYNEXTDOOR, Drake",$ome $exy $ongs 4 U,https://i.scdn.co/image/ab67616d0000b273fcb7f84280bc41e3c4c873ac,212629,spotify:track:7DL2F2bueQycqYjqsjHYjG
SOMETHING ABOUT YOU,"PARTYNEXTDOOR, Drake",$ome $exy $ongs 4 U,https://i.scdn.co/image/ab67616d0000b273fcb7f84280bc41e3c4c873ac,218682,spotify:track:1F6nHHDJyTHLgDDFj1ZZDt
CRYING IN CHANEL,Drake,$ome $exy $ongs 4 U,https://i.scdn.co/image/ab67616d0000b273fcb7f84280bc41e3c4c873ac,199602,spotify:track:5aIEFCKhVUM5sKkwOSdFiM
SPIDER-MAN SUPERMAN,"PARTYNEXTDOOR, Drake",$ome $exy $ongs 4 U,https://i.scdn.co/image/ab67616d0000b273fcb7f84280bc41e3c4c873ac,203893,spotify:track:4GqhG9rDuRUoNyDSMJ0Brq
DEEPER,PARTYNEXTDOOR,$ome $exy $ongs 4 U,https://i.scdn.co/image/ab67616d0000b273fcb7f84280bc41e3c4c873ac,172337,spotify:track:4JeD0FGslDsMeeahEGZa2L
SMALL TOWN FAME,Drake,$ome $exy $ongs 4 U,https://i.scdn.co/image/ab67616d0000b273fcb7f84280bc41e3c4c873ac,148509,spotify:track:1YHQQFtKqFSFrqL4cNvstU
PIMMIE'S DILEMMA,"Pimmie, PARTYNEXTDOOR, Drake",$ome $exy $ongs 4 U,https://i.scdn.co/image/ab67616d0000b273fcb7f84280bc41e3c4c873ac,118153,spotify:track:3CY3zAjrxKVInh2Lq1QiRb
BRIAN STEEL,Drake,$ome $exy $ongs 4 U,https://i.scdn.co/image/ab67616d0000b273fcb7f84280bc41e3c4c873ac,111406,spotify:track:3FHO87BSOEVAsedSnCTnvz
GIMME A HUG,Drake,$ome $exy $ongs 4 U,https://i.scdn.co/image/ab67616d0000b273fcb7f84280bc41e3c4c873ac,193054,spotify:track:5Nz7hI3cCOHmMR4vSLJ1An
RAINING IN HOUSTON,Drake,$ome $exy $ongs 4 U,https://i.scdn.co/image/ab67616d0000b273fcb7f84280bc41e3c4c873ac,244931,spotify:track:2xxb5zW09uwbgyLprALi9E
LASERS,"PARTYNEXTDOOR, Drake",$ome $exy $ongs 4 U,https://i.scdn.co/image/ab67616d0000b273fcb7f84280bc41e3c4c873ac,198692,spotify:track:2vjFTjmvpFjFM01cNdG2ik
MEET YOUR PADRE,"PARTYNEXTDOOR, Drake, Chino Pacas",$ome $exy $ongs 4 U,https://i.scdn.co/image/ab67616d0000b273fcb7f84280bc41e3c4c873ac,271058,spotify:track:0o5p5zzRN84q6qVbOVONPM
NOKIA,Drake,$ome $exy $ongs 4 U,https://i.scdn.co/image/ab67616d0000b273fcb7f84280bc41e3c4c873ac,241023,spotify:track:2u9S9JJ6hTZS3Vf22HOZKg
DIE TRYING,"PARTYNEXTDOOR, Drake, Yebba",$ome $exy $ongs 4 U,https://i.scdn.co/image/ab67616d0000b273fcb7f84280bc41e3c4c873ac,195431,spotify:track:0NUqi0ps17YpLUC3kgsZq0
SOMEBODY LOVES ME,"PARTYNEXTDOOR, Drake",$ome $exy $ongs 4 U,https://i.scdn.co/image/ab67616d0000b273fcb7f84280bc41e3c4c873ac,182767,spotify:track:2kZoOj1n5vk9BuF0sih58M
CELIBACY,"PARTYNEXTDOOR, Drake",$ome $exy $ongs 4 U,https://i.scdn.co/image/ab67616d0000b273fcb7f84280bc41e3c4c873ac,235620,spotify:track:578CwfxpfH2HxlENOCHc2n
OMW,"PARTYNEXTDOOR, Drake",$ome $exy $ongs 4 U,https://i.scdn.co/image/ab67616d0000b273fcb7f84280bc41e3c4c873ac,233030,spotify:track:775a936b2Vzl3fw86FaVat
GLORIOUS,"PARTYNEXTDOOR, Drake",$ome $exy $ongs 4 U,https://i.scdn.co/image/ab67616d0000b273fcb7f84280bc41e3c4c873ac,205082,spotify:track:1mKNJs35ede94bTPWveVOo
WHEN HE'S GONE,"PARTYNEXTDOOR, Drake",$ome $exy $ongs 4 U,https://i.scdn.co/image/ab67616d0000b273fcb7f84280bc41e3c4c873ac,209836,spotify:track:6mmPe3Y3SEtYb9HZsHTyrj
Born Singer,BTS,Proof,https://i.scdn.co/image/ab67616d0000b27317db30ce3f081d6818a8ad49,238628,spotify:track:1IthE5GNiRzFN5CVaCa445
No More Dream,BTS,Proof,https://i.scdn.co/image/ab67616d0000b27317db30ce3f081d6818a8ad49,222066,spotify:track:27S8iOXD7Z58yvJtyk2S9j
N.O,BTS,Proof,https://i.scdn.co/image/ab67616d0000b27317db30ce3f081d6818a8ad49,209751,spotify:track:2GEnvQgSJhedm2sqZlOP8o
Boy In Luv,BTS,Proof,https://i.scdn.co/image/ab67616d0000b27317db30ce3f081d6818a8ad49,231384,spotify:track:0vMk4IrUfSJQkhwZnVX6us
Danger,BTS,Proof,https://i.scdn.co/image/ab67616d0000b27317db30ce3f081d6818a8ad49,245810,spotify:track:0Q53fuiKLGjDKD7Mme7EoQ
I NEED U,BTS,Proof,https://i.scdn.co/image/ab67616d0000b27317db30ce3f081d6818a8ad49,210986,spotify:track:1GunnGtZCSjLUAPG6yrDUC
RUN,BTS,Proof,https://i.scdn.co/image/ab67616d0000b27317db30ce3f081d6818a8ad49,236748,spotify:track:20Qqyt4bd1oe4KmkTagb2K
Burning Up (FIRE),BTS,Proof,https://i.scdn.co/image/ab67616d0000b27317db30ce3f081d6818a8ad49,203957,spotify:track:5cQPIQAF2T1elxWs7EqB9W
Blood Sweat & Tears,BTS,Proof,https://i.scdn.co/image/ab67616d0000b27317db30ce3f081d6818a8ad49,217051,spotify:track:1wiqEFd8phSCSlteDLSyp2
Spring Day,BTS,Proof,https://i.scdn.co/image/ab67616d0000b27317db30ce3f081d6818a8ad49,274703,spotify:track:4upRoEWkMWhhMfEgPZMFRP
DNA,BTS,Proof,https://i.scdn.co/image/ab67616d0000b27317db30ce3f081d6818a8ad49,223441,spotify:track:2Ygw4CPjg1lg4zxTITYY2V
FAKE LOVE,BTS,Proof,https://i.scdn.co/image/ab67616d0000b27317db30ce3f081d6818a8ad49,242333,spotify:track:3YspylwDrs1LuzPONbKmAL
IDOL,BTS,Proof,https://i.scdn.co/image/ab67616d0000b27317db30ce3f081d6818a8ad49,222732,spotify:track:0KCvsHmGvW2XcsxEWJvLPr
Boy With Luv (Feat. Halsey),"BTS, Halsey",Proof,https://i.scdn.co/image/ab67616d0000b27317db30ce3f081d6818a8ad49,229773,spotify:track:07qrA1FxZpXy383wX3IDEb
ON,BTS,Proof,https://i.scdn.co/image/ab67616d0000b27317db30ce3f081d6818a8ad49,246817,spotify:track:0U4hNZFJYNFdEAXZcHbkkc
Dynamite,BTS,Proof,https://i.scdn.co/image/ab67616d0000b27317db30ce3f081d6818a8ad49,199293,spotify:track:1hIuSG6xV4RDgD8bDVKP7N
Life Goes On,BTS,Proof,https://i.scdn.co/image/ab67616d0000b27317db30ce3f081d6818a8ad49,208088,spotify:track:1VjqXwHU3isibdXLEtXc4q
Butter,BTS,Proof,https://i.scdn.co/image/ab67616d0000b27317db30ce3f081d6818a8ad49,164952,spotify:track:6jjYDGxVJsWS0a5wlVF5vS
Yet To Come,BTS,Proof,https://i.scdn.co/image/ab67616d0000b27317db30ce3f081d6818a8ad49,193593,spotify:track:10SRMwb9EuVS1K9rYsBfHQ
Run BTS,BTS,Proof,https://i.scdn.co/image/ab67616d0000b27317db30ce3f081d6818a8ad49,204939,spotify:track:69xohKu8C1fsflYAiSNbwM
Wake Me Up (feat. Justice),"The Weeknd, Justice",Hurry Up Tomorrow,https://i.scdn.co/image/ab67616d0000b273982320da137d0de34410df61,308575,spotify:track:5673WA8EEUSPx1ir26lhGW
Cry For Me,The Weeknd,Hurry Up Tomorrow,https://i.scdn.co/image/ab67616d0000b273982320da137d0de34410df61,224136,spotify:track:3AWDeHLc88XogCaCnZQLVI
I Can't Fucking Sing,The Weeknd,Hurry Up Tomorrow,https://i.scdn.co/image/ab67616d0000b273982320da137d0de34410df61,12288,spotify:track:64JIAZ0bS7WoARYfWQGCoz
São Paulo (feat. Anitta),"The Weeknd, Anitta",Hurry Up Tomorrow,https://i.scdn.co/image/ab67616d0000b273982320da137d0de34410df61,301623,spotify:track:7DY756WOLyOz2Xnhw4EFiC
Until We're Skin & Bones,The Weeknd,Hurry Up Tomorrow,https://i.scdn.co/image/ab67616d0000b273982320da137d0de34410df61,22033,spotify:track:6jDGDtQPC46pFqxph3qdbD
Baptized In Fear,The Weeknd,Hurry Up Tomorrow,https://i.scdn.co/image/ab67616d0000b273982320da137d0de34410df61,232176,spotify:track:5rzI6Jnlhx8DgVgsOLorfW
Open Hearts,The Weeknd,Hurry Up Tomorrow,https://i.scdn.co/image/ab67616d0000b273982320da137d0de34410df61,234923,spotify:track:0sTBOp1hdayTjw6UOyPyi6
Opening Night,The Weeknd,Hurry Up Tomorrow,https://i.scdn.co/image/ab67616d0000b273982320da137d0de34410df61,96024,spotify:track:4Msr8L0gHGDsLSBlk7pSPU
"Reflections Laughing (feat. Travis Scott, Florence + The Machine)","The Weeknd, Travis Scott, Florence + The Machine",Hurry Up Tomorrow,https://i.scdn.co/image/ab67616d0000b273982320da137d0de34410df61,291192,spotify:track:2gyHr9WqZeMtzJOpWGuGo6
Enjoy The Show (feat. Future),"The Weeknd, Future",Hurry Up Tomorrow,https://i.scdn.co/image/ab67616d0000b273982320da137d0de34410df61,301428,spotify:track:637oNhilCI9UlkWkUW4Grt
Given Up On Me,The Weeknd,Hurry Up Tomorrow,https://i.scdn.co/image/ab67616d0000b273982320da137d0de34410df61,354781,spotify:track:0FolPJnYMo71Z7qasTuoJT
I Can't Wait To Get There,The Weeknd,Hurry Up Tomorrow,https://i.scdn.co/image/ab67616d0000b273982320da137d0de34410df61,188921,spotify:track:0bcZ7xN9IcjSNxLerzR2yl
Timeless (feat Playboi Carti),"The Weeknd, Playboi Carti",Hurry Up Tomorrow,https://i.scdn.co/image/ab67616d0000b273982320da137d0de34410df61,256000,spotify:track:0FIDCNYYjNvPVimz5icugS
Niagara Falls,The Weeknd,Hurry Up Tomorrow,https://i.scdn.co/image/ab67616d0000b273982320da137d0de34410df61,277274,spotify:track:2v0AG62ZHtD3I4YmTb3WYM
Take Me Back To LA,The Weeknd,Hurry Up Tomorrow,https://i.scdn.co/image/ab67616d0000b273982320da137d0de34410df61,253734,spotify:track:7rVmzyFA7f4rNGl9onF21E
Big Sleep (feat. Giorgio Moroder),"The Weeknd, Giorgio Moroder",Hurry Up Tomorrow,https://i.scdn.co/image/ab67616d0000b273982320da137d0de34410df61,225312,spotify:track:4sWQbsLLH2NEbO79DSZCL9
Give Me Mercy,The Weeknd,Hurry Up Tomorrow,https://i.scdn.co/image/ab67616d0000b273982320da137d0de34410df61,216431,spotify:track:0K3w6WNawZlv6Izmsrye8o
Drive,The Weeknd,Hurry Up Tomorrow,https://i.scdn.co/image/ab67616d0000b273982320da137d0de34410df61,188645,spotify:track:6i5fDaCzwxRrZtuvvcqoIf
The Abyss (feat. Lana Del Rey),"The Weeknd, Lana Del Rey",Hurry Up Tomorrow,https://i.scdn.co/image/ab67616d0000b273982320da137d0de34410df61,282873,spotify:track:5ZDKPFRZC6QlJpf8bCIXTs
Red Terror,The Weeknd,Hurry Up Tomorrow,https://i.scdn.co/image/ab67616d0000b273982320da137d0de34410df61,231860,spotify:track:717s9KFmHhyy5t3xkStS56
Woke - Demo,Imagine Dragons,Reflections (From The Vault Of Smoke + Mirrors),https://i.scdn.co/image/ab67616d0000b27324225f56ed789d55e998a07a,220795,spotify:track:7tKaefLpk7pSAIE12JGxj9
The Ghost Intervention - Demo,Imagine Dragons,Reflections (From The Vault Of Smoke + Mirrors),https://i.scdn.co/image/ab67616d0000b27324225f56ed789d55e998a07a,193881,spotify:track:6pe63pLHeyXRoSBoOiQJep
Monica - Demo,Imagine Dragons,Reflections (From The Vault Of Smoke + Mirrors),https://i.scdn.co/image/ab67616d0000b27324225f56ed789d55e998a07a,198292,spotify:track:6r3jteHvR25BRmiHHJO12i
Black - Demo,Imagine Dragons,Reflections (From The Vault Of Smoke + Mirrors),https://i.scdn.co/image/ab67616d0000b27324225f56ed789d55e998a07a,203561,spotify:track:3JRv0tzI3NpbuC4bWKBvxm
Strange Ways - Demo,Imagine Dragons,Reflections (From The Vault Of Smoke + Mirrors),https://i.scdn.co/image/ab67616d0000b27324225f56ed789d55e998a07a,151100,spotify:track:5UxcYdHHFutzDBUw3kqIvX
I Get Carried Away - Demo,Imagine Dragons,Reflections (From The Vault Of Smoke + Mirrors),https://i.scdn.co/image/ab67616d0000b27324225f56ed789d55e998a07a,194584,spotify:track:4I3iKBoPcd9mm9ye1BT97L
A-OK - Demo,Imagine Dragons,Reflections (From The Vault Of Smoke + Mirrors),https://i.scdn.co/image/ab67616d0000b27324225f56ed789d55e998a07a,142245,spotify:track:0W48IJ8GkGKh6QNBL6Z7jx
Destroyed - Demo,Imagine Dragons,Reflections (From The Vault Of Smoke + Mirrors),https://i.scdn.co/image/ab67616d0000b27324225f56ed789d55e998a07a,209589,spotify:track:3EfnJ2rwpoiwR9b23gBPwg
Playin' Me - Demo,Imagine Dragons,Reflections (From The Vault Of Smoke + Mirrors),https://i.scdn.co/image/ab67616d0000b27324225f56ed789d55e998a07a,162597,spotify:track:6YpYCl9eIYVKHd9wtCH8Xp
My Car - Demo,Imagine Dragons,Reflections (From The Vault Of Smoke + Mirrors),https://i.scdn.co/image/ab67616d0000b27324225f56ed789d55e998a07a,151534,spotify:track:34YRnN8SfhTRQVAur1yDYG
Cowboy - Demo,Imagine Dragons,Reflections (From The Vault Of Smoke + Mirrors),https://i.scdn.co/image/ab67616d0000b27324225f56ed789d55e998a07a,159845,spotify:track:1oknqle7RHTz7tQ9CBxPkw
Mayday - Demo,Imagine Dragons,Reflections (From The Vault Of Smoke + Mirrors),https://i.scdn.co/image/ab67616d0000b27324225f56ed789d55e998a07a,191993,spotify:track:0wJvJKgaRCjTGL4rGJLzKN
The Journey - Demo,Imagine Dragons,Reflections (From The Vault Of Smoke + Mirrors),https://i.scdn.co/image/ab67616d0000b27324225f56ed789d55e998a07a,160671,spotify:track:0NdHNRYRIsCyUWnEui0ff7
I Bet My Life - Demo,Imagine Dragons,Reflections (From The Vault Of Smoke + Mirrors),https://i.scdn.co/image/ab67616d0000b27324225f56ed789d55e998a07a,166311,spotify:track:111pXmDAMLeUBENG8oZlZh
Wake Up,Imagine Dragons,LOOM,https://i.scdn.co/image/ab67616d0000b2737eeb115b73e2e6abc3c66d59,166706,spotify:track:6BOgN046AFobs2sZV7YlRy
Nice to Meet You,Imagine Dragons,LOOM,https://i.scdn.co/image/ab67616d0000b2737eeb115b73e2e6abc3c66d59,190773,spotify:track:6KmrCHbuNOsdoeDOpwetr7
Eyes Closed,Imagine Dragons,LOOM,https://i.scdn.co/image/ab67616d0000b2737eeb115b73e2e6abc3c66d59,200026,spotify:track:7xDd7gl6AGgpiOz5trz4dM
Take Me to the Beach,Imagine Dragons,LOOM,https://i.scdn.co/image/ab67616d0000b2737eeb115b73e2e6abc3c66d59,167080,spotify:track:2Wop6FEmIstWTMeQb0TXcw
In Your Corner,Imagine Dragons,LOOM,https://i.scdn.co/image/ab67616d0000b2737eeb115b73e2e6abc3c66d59,239893,spotify:track:5hKE4hbAVMP38XWjRlXZPO
Gods Don’t Pray,Imagine Dragons,LOOM,https://i.scdn.co/image/ab67616d0000b2737eeb115b73e2e6abc3c66d59,169893,spotify:track:1QO4QjFDpibHdYoOlTGH6x
Wanna Be Startin' Somethin',Michael Jackson,Thriller 40,https://i.scdn.co/image/ab67616d0000b273822e06488f98e53e8743ff6b,362900,spotify:track:2rTP0iwaMxRy2HFW2nHKq9
Baby Be Mine,Michael Jackson,Thriller 40,https://i.scdn.co/image/ab67616d0000b273822e06488f98e53e8743ff6b,260467,spotify:track:0z0HC6sLfJsTP5bqVPiIw6
The Girl Is Mine (with Paul McCartney),"Michael Jackson, Paul McCartney",Thriller 40,https://i.scdn.co/image/ab67616d0000b273822e06488f98e53e8743ff6b,221677,spotify:track:46bcHfciO740CEABQrvLrR
Thriller,Michael Jackson,Thriller 40,https://i.scdn.co/image/ab67616d0000b273822e06488f98e53e8743ff6b,357753,spotify:track:2x4x2j4mrdFMuSQnIJDVWM
Beat It,Michael Jackson,Thriller 40,https://i.scdn.co/image/ab67616d0000b273822e06488f98e53e8743ff6b,258152,spotify:track:2x0O1Lg3lhpUqw30Hamzke
Billie Jean,Michael Jackson,Thriller 40,https://i.scdn.co/image/ab67616d0000b273822e06488f98e53e8743ff6b,294187,spotify:track:0MHgys5H8i0bvpIScMeNTl
Human Nature,Michael Jackson,Thriller 40,https://i.scdn.co/image/ab67616d0000b273822e06488f98e53e8743ff6b,245913,spotify:track:6JyGRAFxCTEbSvhrLb206x
P.Y.T. (Pretty Young Thing),Michael Jackson,Thriller 40,https://i.scdn.co/image/ab67616d0000b273822e06488f98e53e8743ff6b,238723,spotify:track:1URAAak0dRPksAeugKMpEu
The Lady in My Life,Michael Jackson,Thriller 40,https://i.scdn.co/image/ab67616d0000b273822e06488f98e53e8743ff6b,298264,spotify:track:0R7rnPjNqlYwK2b5LNX0aO
Starlight,Michael Jackson,Thriller 40,https://i.scdn.co/image/ab67616d0000b273822e06488f98e53e8743ff6b,303773,spotify:track:4WGwTL5HIiaw5OIFnwgCR9
Got the Hots - Demo,Michael Jackson,Thriller 40,https://i.scdn.co/image/ab67616d0000b273822e06488f98e53e8743ff6b,265066,spotify:track:21fVbhoPzmlLjxWfePb6CT
Who Do You Know - Demo,Michael Jackson,Thriller 40,https://i.scdn.co/image/ab67616d0000b273822e06488f98e53e8743ff6b,322533,spotify:track:5kMng2A15zTwpxiPHypbHm
Carousel,Michael Jackson,Thriller 40,https://i.scdn.co/image/ab67616d0000b273822e06488f98e53e8743ff6b,219426,spotify:track:39SzRa9nN9SFWPnbcMgrYX
Behind The Mask - Mike's Mix (Demo),Michael Jackson,Thriller 40,https://i.scdn.co/image/ab67616d0000b273822e06488f98e53e8743ff6b,300960,spotify:track:32gg7lWCipR6jYiz9qXwSo
Can't Get Outta The Rain,Michael Jackson,Thriller 40,https://i.scdn.co/image/ab67616d0000b273822e06488f98e53e8743ff6b,246293,spotify:track:5yuLvy5xOhnhMZL0SjIZcX
The Toy - Demo,Michael Jackson,Thriller 40,https://i.scdn.co/image/ab67616d0000b273822e06488f98e53e8743ff6b,184133,spotify:track:2KmJ8VLU4MoX0BoCoo2LSw
Sunset Driver - Demo,Michael Jackson,Thriller 40,https://i.scdn.co/image/ab67616d0000b273822e06488f98e53e8743ff6b,242533,spotify:track:4vA0xg2ObT0RlUwZMDy5kZ
What A Lovely Way To Go - Demo,Michael Jackson,Thriller 40,https://i.scdn.co/image/ab67616d0000b273822e06488f98e53e8743ff6b,235106,spotify:track:4INbMHPtay1Q8fU9090FCc
She's Trouble - Demo,Michael Jackson,Thriller 40,https://i.scdn.co/image/ab67616d0000b273822e06488f98e53e8743ff6b,252613,spotify:track:1FXtdKmCuA38ClAUHI3YjZ
Billie Jean (1981 Home Demo),Michael Jackson,Thriller 40,https://i.scdn.co/image/ab67616d0000b273822e06488f98e53e8743ff6b,140040,spotify:track:70WBe8dtmzg0OBrrJtN28n
Party - Remastered 2011,Queen,The Miracle (Collector's Edition),https://i.scdn.co/image/ab67616d0000b27390a7483dce8b54a9557adfad,143933,spotify:track:6RMEmigz5Zfvj7A3GseJOQ
Khashoggi's Ship - Remastered 2011,Queen,The Miracle (Collector's Edition),https://i.scdn.co/image/ab67616d0000b27390a7483dce8b54a9557adfad,168640,spotify:track:3vlQwYYLNOoiA9tzfgkR91
The Miracle - Remastered 2011,Queen,The Miracle (Collector's Edition),https://i.scdn.co/image/ab67616d0000b27390a7483dce8b54a9557adfad,302173,spotify:track:3Xm6wXjq3xO3L8K9UZtJtu
I Want It All - Remastered 2011,Queen,The Miracle (Collector's Edition),https://i.scdn.co/image/ab67616d0000b27390a7483dce8b54a9557adfad,281226,spotify:track:5xBMjG496zSvzdoAorbFgD
The Invisible Man - Remastered 2011,Queen,The Miracle (Collector's Edition),https://i.scdn.co/image/ab67616d0000b27390a7483dce8b54a9557adfad,242533,spotify:track:7IjFtjute4MsKz3DSMtXXa
Breakthru - Remastered 2011,Queen,The Miracle (Collector's Edition),https://i.scdn.co/image/ab67616d0000b27390a7483dce8b54a9557adfad,248386,spotify:track:23UUNthQFWThBb4n7T4Ciq
Rain Must Fall - Remastered 2011,Queen,The Miracle (Collector's Edition),https://i.scdn.co/image/ab67616d0000b27390a7483dce8b54a9557adfad,263280,spotify:track:4OkacWPEUaX1XLazZqLPx2
Scandal - Remastered 2011,Queen,The Miracle (Collector's Edition),https://i.scdn.co/image/ab67616d0000b27390a7483dce8b54a9557adfad,282933,spotify:track:0NwUT0JmHFkmUpBqKXOkuT
My Baby Does Me - Remastered 2011,Queen,The Miracle (Collector's Edition),https://i.scdn.co/image/ab67616d0000b27390a7483dce8b54a9557adfad,202786,spotify:track:3sONdpiZKh3y16SfpNwEaI
Was It All Worth It - Remastered 2011,Queen,The Miracle (Collector's Edition),https://i.scdn.co/image/ab67616d0000b27390a7483dce8b54a9557adfad,345640,spotify:track:2uWVdBP7iLqW0OzmAdwfJY
Party - Original Take,Queen,The Miracle (Collector's Edition),https://i.scdn.co/image/ab67616d0000b27390a7483dce8b54a9557adfad,173240,spotify:track:70WrhV1WjfWtYHGdrEkJgN
Khashoggi's Ship - Original Take,Queen,The Miracle (Collector's Edition),https://i.scdn.co/image/ab67616d0000b27390a7483dce8b54a9557adfad,187613,spotify:track:1eaBlhOWDEOzNQfQupe5Ef
The Miracle - Original Take With John’s Ending,Queen,The Miracle (Collector's Edition),https://i.scdn.co/image/ab67616d0000b27390a7483dce8b54a9557adfad,285520,spotify:track:5pgFPjoIJtqNbdU8oLo0s9
I Want It All - Original Take,Queen,The Miracle (Collector's Edition),https://i.scdn.co/image/ab67616d0000b27390a7483dce8b54a9557adfad,375280,spotify:track:0m47dWlIWQsNdzfTStcEUo
The Invisible Man - Early Version With Guide Vocal,Queen,The Miracle (Collector's Edition),https://i.scdn.co/image/ab67616d0000b27390a7483dce8b54a9557adfad,303440,spotify:track:0WX0ue0pEtl8KqhAeDKNkr
When Love Breaks Up - Demo,Queen,The Miracle (Collector's Edition),https://i.scdn.co/image/ab67616d0000b27390a7483dce8b54a9557adfad,103413,spotify:track:7b99kzdGvGe3nSb82YpNcZ
Breakthru - Real Drums And Bass,Queen,The Miracle (Collector's Edition),https://i.scdn.co/image/ab67616d0000b27390a7483dce8b54a9557adfad,298373,spotify:track:6cA1SNf33r4spTEMcEmJWZ
Rain Must Fall - Demo,Queen,The Miracle (Collector's Edition),https://i.scdn.co/image/ab67616d0000b27390a7483dce8b54a9557adfad,161386,spotify:track:6VCtFJK8Uw4OIzwL9Gxynl
Scandal - Original Rough Mix,Queen,The Miracle (Collector's Edition),https://i.scdn.co/image/ab67616d0000b27390a7483dce8b54a9557adfad,279373,spotify:track:4X1U9HW5l9AnWXcMN3amly
My Baby Loves Me,Queen,The Miracle (Collector's Edition),https://i.scdn.co/image/ab67616d0000b27390a7483dce8b54a9557adfad,248080,spotify:track:3xH6BS9uFxcMkfy7lj8WyT
Strangers By Nature,Adele,30,https://i.scdn.co/image/ab67616d0000b273c6b577e4c4a6d326354a89f7,182163,spotify:track:13CVSGLSFl4UxpDVR6u3dq
Easy On Me,Adele,30,https://i.scdn.co/image/ab67616d0000b273c6b577e4c4a6d326354a89f7,224694,spotify:track:46IZ0fSY2mpAiktS3KOqds
My Little Love,Adele,30,https://i.scdn.co/image/ab67616d0000b273c6b577e4c4a6d326354a89f7,389107,spotify:track:2DuPBbS5mIldXnh7Wum8Cy
Cry Your Heart Out,Adele,30,https://i.scdn.co/image/ab67616d0000b273c6b577e4c4a6d326354a89f7,255278,spotify:track:09u787BYeYIGd2mFIJ505t
Oh My God,Adele,30,https://i.scdn.co/image/ab67616d0000b273c6b577e4c4a6d326354a89f7,225148,spotify:track:3Kkjo3cT83cw09VJyrLNwX
Can I Get It,Adele,30,https://i.scdn.co/image/ab67616d0000b273c6b577e4c4a6d326354a89f7,210384,spotify:track:6w8ZPYdnGajyfPddTWdthN
I Drink Wine,Adele,30,https://i.scdn.co/image/ab67616d0000b273c6b577e4c4a6d326354a89f7,376169,spotify:track:6v0UJD4a2FtleHeSYVX02A
All Night Parking (with Erroll Garner) Interlude,Adele,30,https://i.scdn.co/image/ab67616d0000b273c6b577e4c4a6d326354a89f7,161829,spotify:track:496vIKS2INz840xZaKncvR
Woman Like Me,Adele,30,https://i.scdn.co/image/ab67616d0000b273c6b577e4c4a6d326354a89f7,300247,spotify:track:2c6xRsQBv7pynuhYhWoHxo
Hold On,Adele,30,https://i.scdn.co/image/ab67616d0000b273c6b577e4c4a6d326354a89f7,366004,spotify:track:6bGMSP3H9YqkmaLnaJTIoF
To Be Loved,Adele,30,https://i.scdn.co/image/ab67616d0000b273c6b577e4c4a6d326354a89f7,403961,spotify:track:10ImcQk9tihY1EKMDIbvXJ
Love Is A Game,Adele,30,https://i.scdn.co/image/ab67616d0000b273c6b577e4c4a6d326354a89f7,403044,spotify:track:2j3GxEsbNYNeEzz86wDY4J
Hello,Adele,25,https://i.scdn.co/image/ab67616d0000b2737b9888dc365b8f957c63df14,295502,spotify:track:1Yk0cQdMLx5RzzFTYwmuld
Send My Love (To Your New Lover),Adele,25,https://i.scdn.co/image/ab67616d0000b2737b9888dc365b8f957c63df14,223078,spotify:track:563SfWAHJs4FBZMkRN0IFN
I Miss You,Adele,25,https://i.scdn.co/image/ab67616d0000b2737b9888dc365b8f957c63df14,348625,spotify:track:6NdG17SJBXKJeYS67f7E74
When We Were Young,Adele,25,https://i.scdn.co/image/ab67616d0000b2737b9888dc365b8f957c63df14,290900,spotify:track:6O5TrlFWTYvznd9fMC0VvU
Remedy,Adele,25,https://i.scdn.co/image/ab67616d0000b2737b9888dc365b8f957c63df14,245426,spotify:track:1zZh6zTXcDgvN0C6S1G4gU
Water Under the Bridge,Adele,25,https://i.scdn.co/image/ab67616d0000b2737b9888dc365b8f957c63df14,240439,spotify:track:2DRMuw0U0QbkVQxWxdJV3M
River Lea,Adele,25,https://i.scdn.co/image/ab67616d0000b2737b9888dc365b8f957c63df14,225426,spotify:track:0bqC0AqaBZKBZsjhI3y2OW
Love In The Dark,Adele,25,https://i.scdn.co/image/ab67616d0000b2737b9888dc365b8f957c63df14,285935,spotify:track:0DuWDLjriRPjDRoPgaCslY
MOON MUSiC,"Coldplay, Jon Hopkins",Moon Music,https://i.scdn.co/image/ab67616d0000b27309ba52a5116e0c3e8461f58b,276476,spotify:track:41FNZsY7w7KaTQ2bjxdR6w
feelslikeimfallinginlove,Coldplay,Moon Music,https://i.scdn.co/image/ab67616d0000b27309ba52a5116e0c3e8461f58b,236230,spotify:track:49S3znqBAQyPyMpEuKeyJ6
WE PRAY,"Coldplay, Little Simz, Burna Boy, Elyanna, TINI",Moon Music,https://i.scdn.co/image/ab67616d0000b27309ba52a5116e0c3e8461f58b,233406,spotify:track:7xrEnNo99wrmIs8ZK3RZMK
JUPiTER,Coldplay,Moon Music,https://i.scdn.co/image/ab67616d0000b27309ba52a5116e0c3e8461f58b,240508,spotify:track:3EbRbM7qyJq9qjRqDIwBTO
GOOD FEELiNGS,"Coldplay, Ayra Starr",Moon Music,https://i.scdn.co/image/ab67616d0000b27309ba52a5116e0c3e8461f58b,217380,spotify:track:65wzicJctsW9GwnTnLWxQO
🌈,Coldplay,Moon Music,https://i.scdn.co/image/ab67616d0000b27309ba52a5116e0c3e8461f58b,369598,spotify:track:5lCyER2g9iYp4ozZ7iOKat
iAAM,Coldplay,Moon Music,https://i.scdn.co/image/ab67616d0000b27309ba52a5116e0c3e8461f58b,183371,spotify:track:1uwmf1x4LQLGv1P1xjJFYk
AETERNA,Coldplay,Moon Music,https://i.scdn.co/image/ab67616d0000b27309ba52a5116e0c3e8461f58b,253028,spotify:track:4EGl6H86WFalKVWSXbheb2
ALL MY LOVE,Coldplay,Moon Music,https://i.scdn.co/image/ab67616d0000b27309ba52a5116e0c3e8461f58b,222647,spotify:track:6iYxkBHyMpsgVxUgfy5fSx
ONE WORLD,Coldplay,Moon Music,https://i.scdn.co/image/ab67616d0000b27309ba52a5116e0c3e8461f58b,407656,spotify:track:7HFJpnjKUS7LGl8NiyfUE3
MOON MUSiC,"Coldplay, Jon Hopkins",Moon Music (Full Moon Edition),https://i.scdn.co/image/ab67616d0000b273ed4cd21086be1931a5b9d2c9,276476,spotify:track:4mEWgqYOEiygF1mzEn901R
feelslikeimfallinginlove,Coldplay,Moon Music (Full Moon Edition),https://i.scdn.co/image/ab67616d0000b273ed4cd21086be1931a5b9d2c9,236230,spotify:track:5VSqvL5NLxBr7uMNfjwLt8
WE PRAY,"Coldplay, Little Simz, Burna Boy, Elyanna, TINI",Moon Music (Full Moon Edition),https://i.scdn.co/image/ab67616d0000b273ed4cd21086be1931a5b9d2c9,233406,spotify:track:6xX6zmaXeKzB4u9TiM1XgU
JUPiTER,Coldplay,Moon Music (Full Moon Edition),https://i.scdn.co/image/ab67616d0000b273ed4cd21086be1931a5b9d2c9,240508,spotify:track:3Bc8H4AiPnI8yECFhs6Y3O
GOOD FEELiNGS,"Coldplay, Ayra Starr",Moon Music (Full Moon Edition),https://i.scdn.co/image/ab67616d0000b273ed4cd21086be1931a5b9d2c9,217380,spotify:track:4nmIcNQjEGez4zeJfm5I1F
🌈,Coldplay,Moon Music (Full Moon Edition),https://i.scdn.co/image/ab67616d0000b273ed4cd21086be1931a5b9d2c9,369598,spotify:track:5kHwM1BRcIukEIy8x0emV8
iAAM,Coldplay,Moon Music (Full Moon Edition),https://i.scdn.co/image/ab67616d0000b273ed4cd21086be1931a5b9d2c9,183371,spotify:track:2uaihUX7HbKyXBpFxOUT2a
AETERNA,Coldplay,Moon Music (Full Moon Edition),https://i.scdn.co/image/ab67616d0000b273ed4cd21086be1931a5b9d2c9,253028,spotify:track:3Q3dNGUbRNp0Cn9ayZQJl0
ALL MY LOVE,Coldplay,Moon Music (Full Moon Edition),https://i.scdn.co/image/ab67616d0000b273ed4cd21086be1931a5b9d2c9,222647,spotify:track:1mAMlMxsUBQ4qqQ8FVdjt8
ONE WORLD,Coldplay,Moon Music (Full Moon Edition),https://i.scdn.co/image/ab67616d0000b273ed4cd21086be1931a5b9d2c9,407656,spotify:track:66KIWk0JIZDOAfsYDCosVP
wacced out murals,Kendrick Lamar,GNX,https://i.scdn.co/image/ab67616d0000b273d9985092cd88bffd97653b58,317092,spotify:track:5gOfC9UzZQzTyShqPMrpjT
squabble up,Kendrick Lamar,GNX,https://i.scdn.co/image/ab67616d0000b273d9985092cd88bffd97653b58,157992,spotify:track:0nj9Bq5sHDiTxSHunhgkFb
luther (with sza),"Kendrick Lamar, SZA",GNX,https://i.scdn.co/image/ab67616d0000b273d9985092cd88bffd97653b58,177598,spotify:track:45J4avUb9Ni0bnETYaYFVJ
man at the garden,Kendrick Lamar,GNX,https://i.scdn.co/image/ab67616d0000b273d9985092cd88bffd97653b58,233173,spotify:track:5ho7VSXSmI2KM2nDjcnLyz
hey now (feat. dody6),"Kendrick Lamar, Dody6",GNX,https://i.scdn.co/image/ab67616d0000b273d9985092cd88bffd97653b58,217478,spotify:track:5S8VwnB4sLi6W0lYTWYylu
reincarnated,Kendrick Lamar,GNX,https://i.scdn.co/image/ab67616d0000b273d9985092cd88bffd97653b58,275740,spotify:track:0RgjEkSbeuStKfT2Pa4Zai
tv off (feat. lefty gunplay),"Kendrick Lamar, Lefty Gunplay",GNX,https://i.scdn.co/image/ab67616d0000b273d9985092cd88bffd97653b58,220690,spotify:track:0aB0v4027ukVziUGwVGYpG
"dodger blue (feat. wallie the sensei, siete7x, roddy ricch)","Kendrick Lamar, Wallie the Sensei, Siete7x, Roddy Ricch",GNX,https://i.scdn.co/image/ab67616d0000b273d9985092cd88bffd97653b58,131240,spotify:track:4K1Pg0FLno1ltzX3jeqT83
peekaboo (feat. azchike),"Kendrick Lamar, AZ Chike",GNX,https://i.scdn.co/image/ab67616d0000b273d9985092cd88bffd97653b58,155917,spotify:track:2Uts1QFB4u2YNIMiqcb4de
heart pt. 6,Kendrick Lamar,GNX,https://i.scdn.co/image/ab67616d0000b273d9985092cd88bffd97653b58,292461,spotify:track:1SGvjfc85yzqKXsfKcCxn2
"gnx (feat. hitta j3, youngthreat, peysoh)","Kendrick Lamar, Hitta J3, YoungThreat, Peysoh",GNX,https://i.scdn.co/image/ab67616d0000b273d9985092cd88bffd97653b58,193539,spotify:track:3aZptNYC6Z1YoumeqZcDcQ
gloria (with sza),"Kendrick Lamar, SZA",GNX,https://i.scdn.co/image/ab67616d0000b273d9985092cd88bffd97653b58,287522,spotify:track:0wgOhYnqZKjOHr6bmdz0aN
United In Grief,Kendrick Lamar,Mr. Morale & The Big Steppers,https://i.scdn.co/image/ab67616d0000b2732e02117d76426a08ac7c174f,255377,spotify:track:5Gt9bxniM1SxN61yRzRhXL
N95,Kendrick Lamar,Mr. Morale & The Big Steppers,https://i.scdn.co/image/ab67616d0000b2732e02117d76426a08ac7c174f,195950,spotify:track:0fX4oNGBWO3dSGUZcVdVV2
Worldwide Steppers,Kendrick Lamar,Mr. Morale & The Big Steppers,https://i.scdn.co/image/ab67616d0000b2732e02117d76426a08ac7c174f,203367,spotify:track:66mVPWmFvXPFf8pjK5ttOW
Die Hard,"Kendrick Lamar, Blxst, Amanda Reifer",Mr. Morale & The Big Steppers,https://i.scdn.co/image/ab67616d0000b2732e02117d76426a08ac7c174f,239026,spotify:track:2g6tReTlM2Akp41g0HaeXN
Father Time (feat. Sampha),"Kendrick Lamar, Sampha",Mr. Morale & The Big Steppers,https://i.scdn.co/image/ab67616d0000b2732e02117d76426a08ac7c174f,222497,spotify:track:28qA8y1sz0FTuSapsCxNOG
Rich - Interlude,Kendrick Lamar,Mr. Morale & The Big Steppers,https://i.scdn.co/image/ab67616d0000b2732e02117d76426a08ac7c174f,103319,spotify:track:15pyFQHCTVp6T7vaWctSgO
Rich Spirit,Kendrick Lamar,Mr. Morale & The Big Steppers,https://i.scdn.co/image/ab67616d0000b2732e02117d76426a08ac7c174f,202285,spotify:track:1QPreu0BNOrUfEb8HTd2qG
We Cry Together,"Kendrick Lamar, Taylour Paige",Mr. Morale & The Big Steppers,https://i.scdn.co/image/ab67616d0000b2732e02117d76426a08ac7c174f,341307,spotify:track:67XC51nlZncNpHmZ8rOU9a
SKINNY,Billie Eilish,HIT ME HARD AND SOFT,https://i.scdn.co/image/ab67616d0000b27371d62ea7ea8a5be92d3c1f62,219733,spotify:track:1CsMKhwEmNnmvHUuO5nryA
LUNCH,Billie Eilish,HIT ME HARD AND SOFT,https://i.scdn.co/image/ab67616d0000b27371d62ea7ea8a5be92d3c1f62,179586,spotify:track:629DixmZGHc7ILtEntuiWE
CHIHIRO,Billie Eilish,HIT ME HARD AND SOFT,https://i.scdn.co/image/ab67616d0000b27371d62ea7ea8a5be92d3c1f62,303440,spotify:track:7BRD7x5pt8Lqa1eGYC4dzj
BIRDS OF A FEATHER,Billie Eilish,HIT ME HARD AND SOFT,https://i.scdn.co/image/ab67616d0000b27371d62ea7ea8a5be92d3c1f62,210373,spotify:track:6dOtVTDdiauQNBQEDOtlAB
WILDFLOWER,Billie Eilish,HIT ME HARD AND SOFT,https://i.scdn.co/image/ab67616d0000b27371d62ea7ea8a5be92d3c1f62,261466,spotify:track:3QaPy1KgI7nu9FJEQUgn6h
THE GREATEST,Billie Eilish,HIT ME HARD AND SOFT,https://i.scdn.co/image/ab67616d0000b27371d62ea7ea8a5be92d3c1f62,293840,spotify:track:6TGd66r0nlPaYm3KIoI7ET
L’AMOUR DE MA VIE,Billie Eilish,HIT ME HARD AND SOFT,https://i.scdn.co/image/ab67616d0000b27371d62ea7ea8a5be92d3c1f62,333986,spotify:track:6fPan2saHdFaIHuTSatORv
THE DINER,Billie Eilish,HIT ME HARD AND SOFT,https://i.scdn.co/image/ab67616d0000b27371d62ea7ea8a5be92d3c1f62,186346,spotify:track:1LLUoftvmTjVNBHZoQyveF
BITTERSUITE,Billie Eilish,HIT ME HARD AND SOFT,https://i.scdn.co/image/ab67616d0000b27371d62ea7ea8a5be92d3c1f62,298440,spotify:track:7DpUoxGSdlDHfqCYj0otzU
BLUE,Billie Eilish,HIT ME HARD AND SOFT,https://i.scdn.co/image/ab67616d0000b27371d62ea7ea8a5be92d3c1f62,343120,spotify:track:2prqm9sPLj10B4Wg0wE5x9
Getting Older,Billie Eilish,Happier Than Ever,https://i.scdn.co/image/ab67616d0000b2732a038d3bf875d23e4aeaa84e,244221,spotify:track:4HOryCnbme0zBnF8LWij3f
I Didn't Change My Number,Billie Eilish,Happier Than Ever,https://i.scdn.co/image/ab67616d0000b2732a038d3bf875d23e4aeaa84e,158463,spotify:track:7bcy34fBT2ap1L4bfPsl9q
Billie Bossa Nova,Billie Eilish,Happier Than Ever,https://i.scdn.co/image/ab67616d0000b2732a038d3bf875d23e4aeaa84e,196730,spotify:track:2KnuaZYoGzDoHiBTNYOTXG
my future,Billie Eilish,Happier Than Ever,https://i.scdn.co/image/ab67616d0000b2732a038d3bf875d23e4aeaa84e,210005,spotify:track:3YUMWmx8EJq0DurfuIwoGh
Oxytocin,Billie Eilish,Happier Than Ever,https://i.scdn.co/image/ab67616d0000b2732a038d3bf875d23e4aeaa84e,210232,spotify:track:4t2OeILB07eMGTXSUbMPEu
GOLDWING,Billie Eilish,Happier Than Ever,https://i.scdn.co/image/ab67616d0000b2732a038d3bf875d23e4aeaa84e,151536,spotify:track:0FfqyjhB6Kspvit1oOo7ax
Lost Cause,Billie Eilish,Happier Than Ever,https://i.scdn.co/image/ab67616d0000b2732a038d3bf875d23e4aeaa84e,212496,spotify:track:4191RXFPa7Ge9XkA4cWlna
Halley's Comet,Billie Eilish,Happier Than Ever,https://i.scdn.co/image/ab67616d0000b2732a038d3bf875d23e4aeaa84e,234761,spotify:track:5XsAal7ZcWg1I5T4NcRjkv
Not My Responsibility,Billie Eilish,Happier Than Ever,https://i.scdn.co/image/ab67616d0000b2732a038d3bf875d23e4aeaa84e,227679,spotify:track:4T2zre0jqstNJ5Gt0WG9lz
OverHeated,Billie Eilish,Happier Than Ever,https://i.scdn.co/image/ab67616d0000b2732a038d3bf875d23e4aeaa84e,214058,spotify:track:5uSG6fUPRaehaV820zcpsK
Overture (Live from the Royal Albert Hall),Dua Lipa,Dua Lipa Live from the Royal Albert Hall,https://i.scdn.co/image/ab67616d0000b273dc48ee97d2cd26768fd85bce,106863,spotify:track:7BYoSu7vQPGoSeGemwTF92
End Of An Era (Live from the Royal Albert Hall),Dua Lipa,Dua Lipa Live from the Royal Albert Hall,https://i.scdn.co/image/ab67616d0000b273dc48ee97d2cd26768fd85bce,239990,spotify:track:4GFlhtTAMuS8Tb1HF81EXO
Houdini (Live from the Royal Albert Hall),Dua Lipa,Dua Lipa Live from the Royal Albert Hall,https://i.scdn.co/image/ab67616d0000b273dc48ee97d2cd26768fd85bce,216522,spotify:track:6n5SwaC9Jd85LhUEPc9lg2
Training Season (Live from the Royal Albert Hall),Dua Lipa,Dua Lipa Live from the Royal Albert Hall,https://i.scdn.co/image/ab67616d0000b273dc48ee97d2cd26768fd85bce,220937,spotify:track:4jiOgEp2ZPjzoUF5DxaOjG
These Walls (Live from the Royal Albert Hall),Dua Lipa,Dua Lipa Live from the Royal Albert Hall,https://i.scdn.co/image/ab67616d0000b273dc48ee97d2cd26768fd85bce,230702,spotify:track:10vUBju7N39lmoBxwyn2AN
Whatcha Doing (Live from the Royal Albert Hall),Dua Lipa,Dua Lipa Live from the Royal Albert Hall,https://i.scdn.co/image/ab67616d0000b273dc48ee97d2cd26768fd85bce,238578,spotify:track:1JK1cdBkqEtZNtFlRutyds
French Exit (Live from the Royal Albert Hall),Dua Lipa,Dua Lipa Live from the Royal Albert Hall,https://i.scdn.co/image/ab67616d0000b273dc48ee97d2cd26768fd85bce,225553,spotify:track:59LPUEzyMbSQhttDDxO0Dd
Illusion (Live from the Royal Albert Hall),Dua Lipa,Dua Lipa Live from the Royal Albert Hall,https://i.scdn.co/image/ab67616d0000b273dc48ee97d2cd26768fd85bce,237212,spotify:track:0bKZUSWUSxLFm7FyZHsvYd
Falling Forever (Live from the Royal Albert Hall),Dua Lipa,Dua Lipa Live from the Royal Albert Hall,https://i.scdn.co/image/ab67616d0000b273dc48ee97d2cd26768fd85bce,240723,spotify:track:0vN5BWVA6VFWS4zWa68y6a
Anything For Love (Live from the Royal Albert Hall),Dua Lipa,Dua Lipa Live from the Royal Albert Hall,https://i.scdn.co/image/ab67616d0000b273dc48ee97d2cd26768fd85bce,189701,spotify:track:7tbHVPNQyFCGJMWKDix9CL
Maria (Live from the Royal Albert Hall),Dua Lipa,Dua Lipa Live from the Royal Albert Hall,https://i.scdn.co/image/ab67616d0000b273dc48ee97d2cd26768fd85bce,225797,spotify:track:4Qa1TKaOC5AL20kYJUsI2k
Happy For You (Live from the Royal Albert Hall),Dua Lipa,Dua Lipa Live from the Royal Albert Hall,https://i.scdn.co/image/ab67616d0000b273dc48ee97d2cd26768fd85bce,263606,spotify:track:5skosSCL6M6WFkfxG0BnkZ
Love Again (Live from the Royal Albert Hall),Dua Lipa,Dua Lipa Live from the Royal Albert Hall,https://i.scdn.co/image/ab67616d0000b273dc48ee97d2cd26768fd85bce,362030,spotify:track:41W3gyf25NrDk1B7p5egBP
Pretty Please (Live from the Royal Albert Hall),Dua Lipa,Dua Lipa Live from the Royal Albert Hall,https://i.scdn.co/image/ab67616d0000b273dc48ee97d2cd26768fd85bce,205643,spotify:track:1juI2TNefxJwSKFZ5FSNVQ
Levitating (Live from the Royal Albert Hall),Dua Lipa,Dua Lipa Live from the Royal Albert Hall,https://i.scdn.co/image/ab67616d0000b273dc48ee97d2cd26768fd85bce,264536,spotify:track:6sohkQSRVywh50akAo8MMd
Sunshine (Live from the Royal Albert Hall),Dua Lipa,Dua Lipa Live from the Royal Albert Hall,https://i.scdn.co/image/ab67616d0000b273dc48ee97d2cd26768fd85bce,282582,spotify:track:5kYoZZOVXfPqYsJDQLlIYU
Cold Heart (Live from the Royal Albert Hall),"Dua Lipa, Elton John",Dua Lipa Live from the Royal Albert Hall,https://i.scdn.co/image/ab67616d0000b273dc48ee97d2cd26768fd85bce,328007,spotify:track:3jVJ5y7l4s932FzKxTqtmg
Be The One (Live from the Royal Albert Hall),Dua Lipa,Dua Lipa Live from the Royal Albert Hall,https://i.scdn.co/image/ab67616d0000b273dc48ee97d2cd26768fd85bce,289407,spotify:track:2ao1MTHeYktskuQRQtS8kN
Dance The Night (Live from the Royal Albert Hall),Dua Lipa,Dua Lipa Live from the Royal Albert Hall,https://i.scdn.co/image/ab67616d0000b273dc48ee97d2cd26768fd85bce,247776,spotify:track:1EIu6RsVrGIkmjRePSnNH1
Don’t Start Now (Live from the Royal Albert Hall),Dua Lipa,Dua Lipa Live from the Royal Albert Hall,https://i.scdn.co/image/ab67616d0000b273dc48ee97d2cd26768fd85bce,265930,spotify:track:18qXJ0iu4OO0jVla8v83dA
Who I Am,Shawn Mendes,Shawn,https://i.scdn.co/image/ab67616d0000b27304d6b1cca796816d03f4d698,100480,spotify:track:51Mmmd7P1ETIqTTt2WtUrS
Why Why Why,Shawn Mendes,Shawn,https://i.scdn.co/image/ab67616d0000b27304d6b1cca796816d03f4d698,169041,spotify:track:0kPIcJ1Mp6m9AR9Y7UnMLR
That’s The Dream,Shawn Mendes,Shawn,https://i.scdn.co/image/ab67616d0000b27304d6b1cca796816d03f4d698,134228,spotify:track:6z3QR98RmvNAf2xwPDMVBV
Nobody Knows,Shawn Mendes,Shawn,https://i.scdn.co/image/ab67616d0000b27304d6b1cca796816d03f4d698,152239,spotify:track:1tp5wevVu8psITUxEuBGtk
Isn’t That Enough,Shawn Mendes,Shawn,https://i.scdn.co/image/ab67616d0000b27304d6b1cca796816d03f4d698,164700,spotify:track:0P85Dz3wK49uv2Nkfq8FlA
Heart of Gold,Shawn Mendes,Shawn,https://i.scdn.co/image/ab67616d0000b27304d6b1cca796816d03f4d698,171607,spotify:track:69YhwaZE5OTsijIt3Gp6P2
Heavy,Shawn Mendes,Shawn,https://i.scdn.co/image/ab67616d0000b27304d6b1cca796816d03f4d698,153985,spotify:track:61wNkiRpA2oLyJQYz92kZH
That’ll Be The Day,Shawn Mendes,Shawn,https://i.scdn.co/image/ab67616d0000b27304d6b1cca796816d03f4d698,112006,spotify:track:0HPABADFC4UBeWP0cFUsHI
In Between,Shawn Mendes,Shawn,https://i.scdn.co/image/ab67616d0000b27304d6b1cca796816d03f4d698,117366,spotify:track:34DIs8VG5CBKkOVSppTV6a
The Mountain,Shawn Mendes,Shawn,https://i.scdn.co/image/ab67616d0000b27304d6b1cca796816d03f4d698,175750,spotify:track:1ATWVZj4ukcMcQHRZ6KxvU
Rollin’ Right Along,Shawn Mendes,Shawn,https://i.scdn.co/image/ab67616d0000b27304d6b1cca796816d03f4d698,159449,spotify:track:0gDIsF458XtmsL67aYqSj7
Hallelujah,Shawn Mendes,Shawn,https://i.scdn.co/image/ab67616d0000b27304d6b1cca796816d03f4d698,225647,spotify:track:5Q6csOncSmExJREyIssHqe
Intro,Shawn Mendes,Wonder (Deluxe),https://i.scdn.co/image/ab67616d0000b273fa7d980eae9fbb53f2899b08,62422,spotify:track:7MBdtBJvyn90mXqTOqI8PA
Wonder,Shawn Mendes,Wonder (Deluxe),https://i.scdn.co/image/ab67616d0000b273fa7d980eae9fbb53f2899b08,172692,spotify:track:7rV6w1rff0TA61omGxvcCB
Higher,Shawn Mendes,Wonder (Deluxe),https://i.scdn.co/image/ab67616d0000b273fa7d980eae9fbb53f2899b08,160143,spotify:track:2syfxA0hm59eHKjAPcxRuf
24 Hours,Shawn Mendes,Wonder (Deluxe),https://i.scdn.co/image/ab67616d0000b273fa7d980eae9fbb53f2899b08,150781,spotify:track:19SSYk30oo7wjtvQO0inc3
Teach Me How To Love,Shawn Mendes,Wonder (Deluxe),https://i.scdn.co/image/ab67616d0000b273fa7d980eae9fbb53f2899b08,202356,spotify:track:7p5vt5dzzshlu0x78C6jE8
Call My Friends,Shawn Mendes,Wonder (Deluxe),https://i.scdn.co/image/ab67616d0000b273fa7d980eae9fbb53f2899b08,171078,spotify:track:2rEwRKqSsztaQtH6c3ekGa
Dream,Shawn Mendes,Wonder (Deluxe),https://i.scdn.co/image/ab67616d0000b273fa7d980eae9fbb53f2899b08,214751,spotify:track:2ZrKVfN18OZhrikfrtM0ka
Song For No One,Shawn Mendes,Wonder (Deluxe),https://i.scdn.co/image/ab67616d0000b273fa7d980eae9fbb53f2899b08,191887,spotify:track:6MWOKTGu4MpsAdDv2ae0AM
